name,seq,length,%GC,complexity,dG (60C),self_align,dimer_score,BLAST_hits
aligned_msa_2_fP,agagtgtgaatcactctccacag,23,0.4782608695652174,0.6844338561774124,-12.030715860202804,0.2962962962962963,0.0,56
aligned_msa_2_rP,catatgcatctgcattctgatagagac,27,0.4074074074074074,0.6622767816146976,-12.3058441984215,0.19753086419753085,0.0,7
aligned_msa_4_fP,atttcagatacaccagtccacgat,24,0.4166666666666667,0.6826325425001555,-11.991292944757479,0.19753086419753085,0.0,10
aligned_msa_4_rP,tcttatcaatggcattttgtgtgct,25,0.36,0.7104487318066036,-12.118390029312154,0.19753086419753085,0.0,20
aligned_msa_6_fP,tgatgatggtttcctggacgttt,23,0.43478260869565216,0.6368148085583646,-12.330715860202805,0.13168724279835392,0.0,80
aligned_msa_6_rP,tccagaagctgattgcccc,19,0.5789473684210527,0.6616359637378016,-11.988187521984115,0.19753086419753085,0.0,75
