name,seq,length,%GC,complexity,dG (60C),self_align,dimer_score,BLAST_hits
aligned_msa_1_fP,gttatcatgcgaacaattcaacagac,26,0.38461538461538464,0.7086048612313037,-12.146697113866825,0.2962962962962963,0.0,1
aligned_msa_1_rP,gaatatttcaaacctttcaaatgatgacact,31,0.2903225806451613,0.7177094761994228,-12.346227536640182,0.19753086419753085,0.0,1
aligned_msa_3_fP,gcattcaccatccacccact,20,0.55,0.5698969909410618,-12.282189606538793,0.13168724279835392,0.0,324
aligned_msa_3_rP,tggtgtttatagcaccctcgg,21,0.5238095238095238,0.7079879189072642,-12.04304169109346,0.4444444444444444,0.0,24
aligned_msa_5_fP,gatggtacggttatcaccatcaaaa,25,0.4,0.6959559781834153,-11.851320029312152,0.19753086419753085,0.0,3
aligned_msa_5_rP,catgtgttgtcgcatttgtggta,23,0.43478260869565216,0.6209417926853488,-12.332530860202816,0.19753086419753085,0.0,15
